"id","user","login","logout"
"ac470dfaab2f6c0b96fffb8662af8075","pottegra","2023-12-20 10:13:42.362658","2023-12-20 10:13:43.102529"
"bacf5742c1035ae3ba127d0b815cf556","pottegra","2023-12-20 10:14:29.609975","2023-12-20 10:14:36.16138"
"618c46d39c3923ed4fc86ac7ffe00d66","pottegra","2023-12-20 13:13:54.368244","2023-12-20 13:13:58.118103"
"bb12d7b359b2f0d39f95caf9dbe68fe2","pottegra","2024-01-02 15:20:32.395537","2024-01-02 15:52:23.520253"
"fc840e47dbf76c52a743cc105bec14dd","pottegra","2024-01-02 16:03:29.969251","2024-01-02 16:03:33.208679"
"6226c6a4641b006cd8f7e8f6aceec424","pottegra","2024-01-02 16:13:40.473824","2024-01-02 16:13:43.030599"
"a295d7f52d671c6dd70fdb015472027a","pottegra","2024-01-02 16:13:48.23713","2024-01-02 16:16:47.576953"
"e57b86f80b36da120bd3f70cea06ffc4","pottegra","2024-01-03 09:53:00.01156","2024-01-03 09:58:59.777522"
"c444515ecc0a65176c36bc6ec26b317c","pottegra","2024-01-03 10:14:17.418948","2024-01-03 10:19:30.082775"
"10387cdf3b61068963b69a6e2974f009","pottegra","2024-01-03 10:20:13.409967","2024-01-03 10:30:26.820836"
"da64fe0a948871f413c41772a1f139a5","pottegra","2024-01-03 10:30:43.627903","2024-01-03 10:30:50.136503"
"a2cebeb9413ce4cbbef32387c285fb10","pottegra","2024-01-03 10:31:32.813748","2024-01-03 10:48:50.173701"
"bad17171d8980b666f9c675efc03cd97","pottegra","2024-01-04 09:29:28.879094","2024-01-04 09:29:54.549836"
"17510e3f1388a560da67e77483680e9c","pottegra","2024-01-04 09:31:12.986879","2024-01-04 09:32:29.35345"
"49f815f143d2d37ac134c8602dba4aa7","pottegra","2024-01-04 09:56:48.557131","2024-01-04 09:57:56.015925"
"7cd57cbd5ff601382fac2937b493611a","pottegra","2024-01-04 10:03:42.505659","2024-01-04 10:05:51.704044"
"aecd190d241c6b28e7533daec03cc7e6","pottegra","2024-01-04 10:06:08.148851","2024-01-04 10:09:52.100486"
"bcca4017c031c03b860195e747b3cbec","pottegra","2024-01-04 10:09:59.659342","2024-01-04 10:12:15.277594"
"1a2b9cbe14b5837f9e9dfd32d1bd734e","pottegra","2024-01-04 10:39:46.649237","2024-01-04 10:50:56.591048"
"bbacd75b0c727bb5b314b2d6c8cefd04","pottegra","2024-01-04 10:57:14.79879","2024-01-04 11:12:03.379691"
"85fdfaaa7f0b37d1a11085ed43626579","pottegra","2024-01-04 14:02:39.438694","2024-01-04 14:51:29.331913"
"c063e3361c39df92bb1c87b29290e4f6","pottegra","2024-01-08 12:10:11.419546","2024-01-08 12:10:47.62391"
"595b1f5cd8bbeabfdfd7a1e9183a3df3","pottegra","2024-01-08 13:56:50.803511","2024-01-08 13:57:09.97207"
"019baaacc4af0108727b5d42308598a4","pottegra","2024-01-08 14:01:36.763594","2024-01-08 14:01:53.261106"
"9b5d2dc96280bad9d58dc5368d26d908","pottegra","2024-01-08 14:02:27.013332","2024-01-08 14:03:56.87789"
"d3025d97d34df00ae8a7cb93130cf6ac","pottegra","2024-01-08 14:04:24.755488","2024-01-08 14:06:01.361456"
"9378efe1d256731dfe1663d6713cac82","pottegra","2024-01-08 14:07:04.224528","2024-01-08 14:07:05.729389"
"2c898a0f92faad3868d99ee77d498f6a","pottegra","2024-01-08 15:21:49.241929","2024-01-08 15:22:42.622711"
"5775ecbe8e35e18601980c4129d31bfd","pottegra","2024-01-08 15:28:56.529597","2024-01-08 15:42:49.931513"
"6f4943ef47f9319e251f192cd6f19b2f","pottegra","2024-01-08 16:09:49.134069","2024-01-08 16:10:07.327164"
"dbf93ea0eb360a39b59cfccceb34e4e1","pottegra","2024-01-08 16:10:11.919044","2024-01-08 16:10:42.965481"
"2bf0afeee46f08e2006f78a898b477d4","pottegra","2024-01-08 16:11:39.166779","2024-01-08 16:13:40.685083"
"886e98700f43657c477acd2f145f1b03","pottegra","2024-01-08 16:13:45.463438","2024-01-08 16:18:08.360398"
"172b09b0aba3cd36eecef400a1d265ad","pottegra","2024-01-08 16:21:34.94736","2024-01-08 16:21:54.65469"
"826125623b41f8421de1cb69c3975dda","pottegra","2024-01-08 16:21:58.351005","2024-01-08 16:28:03.607766"
"e2461663210a4236ae5c241bd35e0662","pottegra","2024-01-09 09:05:44.333825","2024-01-09 09:12:39.093034"
"ddcc2e9ca452809091303f61ff6d4f27","pottegra","2024-01-09 09:16:51.379161","2024-01-09 09:16:56.154298"
"0f7636e21e141c98cacfc9ba62f0148f","pottegra","2024-01-09 09:17:18.293637","2024-01-09 09:17:33.23978"
"bcd207faaaecb8743e5151cf2a1007cc","pottegra","2024-01-09 09:18:24.891074","2024-01-09 09:18:29.629994"
"88eaf8d0bf96acabe79b0100c08e1e88","pottegra","2024-01-09 09:18:42.939393","2024-01-09 09:19:13.401813"
"18e0f6974cb9a1b9d9b79512f8ef988f","pottegra","2024-01-09 09:38:04.610331","2024-01-09 09:44:15.373823"
"0f73781738646e761b3a7504ded7c281","pottegra","2024-01-09 09:44:18.556683","2024-01-09 09:44:52.678159"
"36ab6b72c2343fa4e13d684ab32d46a0","pottegra","2024-01-09 09:50:26.505821","2024-01-09 09:52:09.603439"
"a813e48ff4b538ebfc7dac7d01d32751","pottegra","2024-01-09 09:52:12.921163","2024-01-09 09:53:20.311874"
"fbe1ef783e4b479f085c74c7c7a03175","pottegra","2024-01-09 10:01:21.823078","2024-01-09 10:03:54.138304"
"165f4c1337bbe7bb9805fb499f0e7bd9","pottegra","2024-01-09 10:09:44.495629","2024-01-09 10:11:48.06667"
"2a32f74e3e25b69f528673c346986ab0","pottegra","2024-01-09 10:59:21.11583","2024-01-09 11:00:06.336508"
"7d53d2da4ec2c867caf677e5ebc1100b","pottegra","2024-01-09 11:27:35.424618","2024-01-09 11:43:11.400411"
"9f01e3a11d9fe377a44c65af6929a401","pottegra","2024-01-09 12:14:11.433567","2024-01-09 12:15:08.059749"
"46cc2191bfb8eb8dedff66c813b93e5f","pottegra","2024-01-09 12:15:12.648543","2024-01-09 12:16:53.437131"
"ea5b0c3ec0e7ea5c52306c8ae4e30d31","pottegra","2024-01-09 12:31:22.374631","2024-01-09 12:32:31.911045"
"d54ad0ad9246eadfcc35753aa187b1dc","pottegra","2024-01-09 13:46:23.696374","2024-01-09 13:55:16.364846"
"4596dc9c3f0335f6c97b5aeffdf88ebd","pottegra","2024-01-09 14:04:01.881744","2024-01-09 14:05:26.565044"
"6a9180d32a9ae1544798c33063b45d1f","pottegra","2024-01-09 14:24:03.676253","2024-01-09 14:27:37.110237"
"6b16cc6836d880efc33b5de55a6bd844","pottegra","2024-01-09 14:30:28.636065","2024-01-09 14:33:16.644306"
"66ed96b8b87b90f9460fa4612c73a3b9","pottegra","2024-01-09 14:33:20.18066","2024-01-09 14:34:42.925282"
"fbfd03f3223be6a6589022932fc0b221","pottegra","2024-01-09 15:00:25.772856","2024-01-09 15:01:46.261473"
"f554f0e7b309c77f9f6ee9d32003577b","pottegra","2024-01-09 15:40:31.189249","2024-01-09 15:52:24.028911"
"fdbb10283e5f3928afa096f58d447105","pottegra","2024-01-11 09:51:51.050531","2024-01-11 09:52:34.42616"
"481f39c7d9741d882a3a2c5109165353","pottegra","2024-01-11 10:52:25.755458","2024-01-11 10:54:20.067012"
"b694bd9f7f6fc0a13b36abba2eb5c8d6","pottegra","2024-01-11 10:54:33.367731","2024-01-11 10:54:38.418423"
"44903b511ab59556d4c0f98c89c19a73","pottegra","2024-01-11 11:06:22.257882","2024-01-11 11:10:06.148243"
"7b36d667a3c2dad0549e60c127853804","pottegra","2024-01-11 14:06:43.117178","2024-01-11 14:16:52.46473"
"44d463b1dc80c8131138185b539735b9","pottegra","2024-01-11 14:32:04.931561","2024-01-11 14:39:37.993589"
"0ed18f95157c209e2a192eb1ee49a77f","pottegra","2024-01-11 14:46:44.080714","2024-01-11 15:03:22.413338"
"8a30ffca31a0e86afb272edb988de833","pottegra","2024-01-12 09:50:30.706074","2024-01-12 10:14:40.377795"
"558030dd6698765350ec9cd9fe237638","pottegra","2024-01-12 10:54:57.71179","2024-01-12 11:12:57.400883"
"7b910fc2e9f4fdc80a59f1852bed7e86","pottegra","2024-01-12 11:16:22.133317","2024-01-12 11:24:39.994238"
"c80d047049fd2a0fad7f5728903f70f3","pottegra","2024-01-12 11:24:37.440285",NA
"fb4153c69431dd2743a4dbe2d93ec06e","pottegra","2024-01-12 11:26:35.422032","2024-01-12 11:46:42.413604"
"82ab65cf85928d94cdc2e6c12706d407","pottegra","2024-01-12 13:52:58.507134","2024-01-12 14:11:25.39598"
"dfa66f15af53ab3bed249e6aea646ea0","pottegra","2024-01-12 14:22:42.462543","2024-01-12 14:25:15.00848"
"8f9a674967001d78d71d867bcb77ad09","pottegra","2024-01-12 14:32:32.461445","2024-01-12 14:37:46.512619"
"369155e3d1dd3283ed0407adc6ba4a4e","pottegra","2024-01-12 15:03:31.372452","2024-01-12 15:19:17.400232"
"0a72e0bb10251a1d4aa9c350b0b52649","","2024-01-16 09:54:32.925462","2024-01-16 09:57:28.993194"
"ed36c0b14d5ba286d4c25a8fc7effdef","","2024-01-16 10:11:59.346291","2024-01-16 10:12:00.317932"
"445aed94079d5333764b66ee274fbf71","","2024-01-16 10:35:58.413756","2024-01-16 10:37:31.999745"
"64a0699a04a102dc80a56c5c4324616d","","2024-01-16 10:38:52.864914","2024-01-16 10:39:46.801147"
"1ceddde9f7e784b32f19c52ae0ac44f8","","2024-01-16 11:24:26.999537","2024-01-16 11:29:45.073394"
"8f657f2dd69a9720eb535a11d0355e8c","","2024-01-16 11:50:26.419518","2024-01-16 11:52:05.965562"
"39cc5d28d131d4e522cae9ab6753fec7","","2024-01-16 13:50:30.406107","2024-01-16 14:08:32.989274"
"6a8f9a45fcd8147dec0c957331a12aea","","2024-01-16 14:37:35.89112","2024-01-16 14:43:03.098289"
"fc7d099fe2b856f2f215663b7a064dad","","2024-01-18 11:47:06.111621","2024-01-18 11:48:03.355776"
"643dee9ef3f3f6fb16a24f90a8e64453","","2024-01-18 13:15:18.831428","2024-01-18 13:18:10.370494"
"9899ce406fff3eb74f80b8ccd5bf5bd5","","2024-01-18 14:09:48.969476","2024-01-18 14:13:08.020532"
"5820ddbb9b012376b583bf2996d0987e","","2024-01-18 15:01:20.452474","2024-01-18 15:11:44.847461"
"60592de639536efa9eb8d0cbad54a6d6","","2024-01-19 08:42:11.285014","2024-01-19 08:50:46.188211"
"0008ae00ee892d29c05f9c82b706a5b2","","2024-01-19 10:36:38.778835","2024-01-19 10:37:06.217287"
"41f8b06d916e836f54d11ac49583aaca","","2024-01-19 11:11:48.469227","2024-01-19 11:14:03.560353"
"34319dc1237c885aba15edbcd9d476a6","","2024-01-19 11:50:55.060637","2024-01-19 11:51:37.181199"
"3ffe0bf0b747d04a1cf5bb8665add818","","2024-01-19 12:01:33.303114","2024-01-19 12:19:45.756744"
"8073cbac8a8aa2e53a0bb98686d45d92","","2024-01-19 14:12:03.032308","2024-01-19 14:28:22.20509"
"f03ad3f6ad1b294a06e67a2a72806835","","2024-01-19 15:00:35.634882","2024-01-19 15:00:36.615327"
"2b2604ade67310ccf5038056318a00b9","","2024-01-19 15:00:46.569051","2024-01-19 15:09:34.087268"
"db4a741e1e289205f7602bc11478e395","","2024-01-19 15:14:17.159894","2024-01-19 15:23:37.090638"
"96df5ac74562c847828ba746faae901f","","2024-01-19 15:24:25.811037","2024-01-19 15:30:42.028499"
"94ba37e8057e94d60dc4168f00491dd0","","2024-01-22 09:25:46.433015","2024-01-22 09:44:58.361635"
"d7dc4277e2938a595a99eb8ec824019a","","2024-01-22 10:21:12.134933","2024-01-22 11:03:08.632784"
"29ee5f223a69c9f96b0d070c58498f5a","","2024-01-22 13:19:38.356943","2024-01-22 13:23:08.74163"
"b3d64d663483bfa239a0cd83c6b3a087","","2024-01-22 13:23:22.898426","2024-01-22 13:23:23.751905"
"5629ebf757dae9e21c1a0687da0afb41","","2024-01-22 13:24:19.984192","2024-01-22 13:24:20.846605"
"137e5cf876103fe2ad136c28943696e9","","2024-01-22 13:25:58.077881","2024-01-22 13:25:58.932669"
"b9c161ce4d1cb6bfc4d89e9b9b419592","","2024-01-22 13:26:28.592823","2024-01-22 13:27:31.154197"
"4f36d03f303b3f1eb28bb52288e1f6ec","","2024-01-22 13:28:59.636971","2024-01-22 13:29:00.613841"
"846d590538d4a8f1a9f759755ade0107","","2024-01-22 13:30:02.672367","2024-01-22 13:30:03.699073"
"9c1742e84771df4d1c6999197a225a78","","2024-01-22 13:32:50.923714","2024-01-22 13:32:51.785606"
"df44a8d06e3b38ae649dcc59b80826ee","","2024-01-22 13:33:05.743013","2024-01-22 13:33:38.705325"
"103cf4fb009e6602f266ab020ea4ec04","","2024-01-22 13:59:07.567088","2024-01-22 13:59:52.200575"
"21fc9c8110e0d34316715a90be5f499c","","2024-01-22 14:00:01.15164","2024-01-22 14:00:47.750384"
"36047c2f45c535e366ea279302cb9d8a","","2024-01-22 14:10:19.990758","2024-01-22 14:13:49.983438"
"ddbc3c018e5dcb34bf1a214892ce49b8","","2024-01-22 14:13:48.929992",NA
"4300a612346137149004b5baf4012c85","","2024-01-22 14:14:06.007139","2024-01-22 14:15:17.628484"
"3478c81199600b5bc7dc4582e96597b9","","2024-01-22 14:15:26.650962","2024-01-22 14:16:11.817456"
"d57cde74145ffae6a5c81a61b6b3ae40","","2024-01-22 14:16:20.794006","2024-01-22 14:17:04.682904"
"c5196f75bd365b2d2a8f76f0c5a62f6a","","2024-01-22 14:17:13.854708","2024-01-22 14:19:15.844477"
"e23b410b7bdf33f08d91d7ca76752830","","2024-01-22 14:20:33.237091","2024-01-22 14:21:13.970566"
"ebf7e4c2af26215351b8ca165c6d73b3","","2024-01-22 14:27:16.953735","2024-01-22 14:38:13.925623"
"212fc48f367b4d476e58e4b57bf661db","","2024-01-22 14:39:38.362499","2024-01-22 14:39:41.634565"
"dba6457f0454f7e731b98c98fbb06ab4","","2024-01-22 14:40:29.919229","2024-01-22 14:40:31.032524"
"b97b9fe30f792eafbfe6482add3e6291","","2024-01-22 15:38:13.035786","2024-01-22 15:44:47.90235"
"02b91ff996d1a976111f5bd0a1cf083f","","2024-01-22 15:45:07.557244","2024-01-22 15:47:05.492857"
"31a4dc7fd44ae9641b2df028a3ceb944","","2024-01-22 16:04:34.340027","2024-01-22 16:28:03.596117"
"4189c46ca1ffbf840104e310f73f7908","","2024-01-23 11:09:07.111116","2024-01-23 11:13:30.981731"
"455bfaaee5a745110ecb38a737a1eadc","","2024-01-23 11:59:33.508827","2024-01-23 12:02:14.467929"
"a924fe2e5dcde136da35f3feec9c154c","","2024-01-23 13:42:19.650726","2024-01-23 13:47:37.509315"
"7ffaabf9b1275a91edda88fdf9cba888","","2024-01-23 13:51:04.077293","2024-01-23 14:02:13.375678"
"1e143dd1ffbbfaf635acb647a831ee5b","","2024-01-23 14:09:18.833298","2024-01-23 14:28:49.626665"
"e3cb6c4b2e9c50ebe1cac426e8bfe0e0","","2024-01-23 14:56:26.065005","2024-01-23 15:04:22.590012"
"7b9697a988dbaef72e3489aeb8cdb813","","2024-01-24 10:28:46.95413","2024-01-24 10:32:05.967937"
"2b80639218326dfbd50bd94bf6cbb65c","","2024-01-24 10:45:10.56292","2024-01-24 11:49:49.046649"
"4ef6aa536105cae345dcc859de110a1b","","2024-01-24 11:51:59.751202","2024-01-24 11:54:28.471175"
"ad0ba71ca2c9dcabc832214b36745808","","2024-01-25 09:22:09.618871","2024-01-25 10:16:20.994031"
"7894849a0c29ee7bb5a572ff4888c4c5","","2024-01-25 11:14:09.853257","2024-01-25 11:46:44.137827"
"d6003953be731dc6ba9ce16a573f6286","","2024-01-25 13:22:42.640968","2024-01-25 13:33:30.332628"
"0e4019973f54f505930e2a1f521d29d4","","2024-01-25 14:27:43.193595","2024-01-25 14:46:09.253369"
"3e68db31126beb8257fb5805a2565676","","2024-01-26 11:33:59.600734","2024-01-26 11:34:10.035426"
"882fbe06d5616129bb9deb8af79f3f0d","","2024-01-26 13:52:18.815454","2024-01-26 14:10:00.343721"
"dc4a88892394aff67a1e910abbb73168","","2024-01-29 10:34:05.886757","2024-01-29 10:36:31.800465"
"3d78156d3ddb863e37790aae1db1134b","","2024-01-29 10:37:51.989097",NA
"b10efecbdf3feb1f0e354af2ff5a8f43","","2024-01-29 10:42:48.153944","2024-01-29 10:42:50.117295"
"8bc4847a6dc031a27561a3b9a98a72e6","","2024-01-29 10:55:40.873108","2024-01-29 10:57:07.237666"
"d3696e9c78d74fa0662649c7317830e9","","2024-01-30 10:31:57.505745","2024-01-30 10:33:28.392458"
"fba45d33bfafe922592cc4fc97505e6e","","2024-01-30 11:11:21.508521","2024-01-30 11:12:24.01825"
"5c10f8f6cedcfd9eb893613a4e15d59d","","2024-01-30 11:14:51.181148","2024-01-30 11:53:11.129861"
"5077c247cb5b5b4f8bb74ce4fdf87bfb","","2024-01-30 13:24:08.551451","2024-01-30 13:38:27.535865"
"73130ebe68b01a1bef4bf5b6cea0d09b","","2024-01-30 15:25:48.909449","2024-01-30 15:35:32.530069"
"31fb67212fac0a9bed798b2994521d33","","2024-02-01 11:35:59.284573","2024-02-01 11:53:10.486023"
"c14736d955aae4542202dbaf03191025","","2024-02-01 15:31:13.381906","2024-02-01 15:48:13.097716"
"a6aef523562636eecf74965a949f54e8","","2024-02-01 15:49:53.497444","2024-02-01 16:05:15.108159"
"92e8c0f09ac570ce2f3ed35b59aa549c","","2024-02-02 10:19:54.735883","2024-02-02 10:52:15.668951"
"e41a5b3e93d7420c471b64c4c48ebbd3","","2024-02-05 10:47:57.907924","2024-02-05 10:56:28.187426"
"a341c4ad17b9517faa3bcecb5bfed862","","2024-02-05 15:57:38.572874","2024-02-05 16:15:22.811136"
"f47af399ae5a8c5e08ed2ea236a58179","","2024-02-06 09:58:08.873547","2024-02-06 10:54:45.200755"
"88201dae9516727aac91c864b6235fd9","","2024-02-06 11:09:06.008836","2024-02-06 11:28:27.309985"
"0cbd741917499d9e901459594612466a","","2024-02-06 15:26:46.229442","2024-02-06 15:39:41.759572"
"8c6acc90147dab4e1d971f151fd1051e","","2024-02-07 09:12:05.493591","2024-02-07 09:28:43.779876"
"bd8d400b23fdd21f8cc8bcaba0c8ba63","","2024-02-07 09:44:21.095745","2024-02-07 09:54:19.981023"
"5334ba7249906e9ecb961784bed7d419","","2024-02-08 10:00:24.010641","2024-02-08 10:22:51.154621"
"6fdd0e2180fe0b3a34db26571b4302c2","","2024-02-08 10:56:42.933543","2024-02-08 10:58:48.488203"
"2c4a33d6d29b5ffcb551690ee81063da","","2024-02-08 13:28:41.285817","2024-02-08 13:29:14.354405"
"b9da94f45a28b585db40bb66f62d927d","","2024-02-08 13:57:31.591494","2024-02-08 14:02:05.141773"
"1a49e1e541ad4521f32a35e115973236","","2024-02-08 14:07:45.307809","2024-02-08 14:07:53.095296"
"2edd6bea44dc23f821954c7efd41f4b4","","2024-02-08 14:20:25.93279","2024-02-08 14:30:58.106417"
"20a3a75d1f921d5066d922df83c7f958","","2024-02-08 14:31:02.57336","2024-02-08 15:46:08.832268"
"a5bf0b9a9c31d3d6a5d213bc5435e997","","2024-02-09 11:26:36.085743","2024-02-09 11:42:23.51352"
"e1ac6cc83503b982c5d4b69cdef79858","","2024-02-09 13:24:43.538866","2024-02-09 13:25:46.106007"
"75b06e750740ba114d25a295200870da","","2024-02-09 14:09:31.690351","2024-02-09 14:41:06.579708"
"8e44cc6e973f2c358fe0fe0ef400b563","","2024-02-09 15:39:44.243364","2024-02-09 16:01:53.74802"
"04e09875c2b447f4d7b088715cdc1f08","","2024-02-12 11:22:41.122719","2024-02-12 11:24:51.992139"
"c95b004bc03d61b5134d6d917653df15","","2024-02-12 15:02:23.219981","2024-02-12 15:18:28.253218"
"0f494b4c5c4f8d5de9dbedf4081f4ce2","","2024-02-13 08:28:59.401177","2024-02-13 08:33:59.933212"
"e3b89867ca07407c305c4a25ceb89505","","2024-02-13 11:05:44.786899","2024-02-13 11:37:55.832494"
"4b056351491e3fbe602791ce3b03e749","","2024-02-13 13:22:26.258599","2024-02-13 13:38:16.310697"
"d38d807d69857ef03452ac4f3e6fabf0","","2024-02-13 13:48:37.562298","2024-02-13 13:58:31.502155"
"2812a54dfa6dcc84fc850d0e6e3248b6","","2024-02-15 09:46:45.249196","2024-02-15 09:48:55.906066"
"a19f31c60a8ad0104995b3739504c96a","","2024-02-15 11:13:16.490034","2024-02-15 11:14:45.53694"
"ceaa16b99acc55249c4097a3be553990","","2024-02-15 11:26:43.305974","2024-02-15 11:29:43.816259"
"a2f6a7360459a3c6518a5bf80b33837d","","2024-02-15 11:31:09.054364","2024-02-15 11:46:33.082223"
"eeb7af746109d3f4b2de8c8494b39067","","2024-02-15 13:21:41.978804","2024-02-15 13:36:14.119941"
"b490c29ee3909dc948e24730df0e0c96","","2024-02-15 13:39:57.691686","2024-02-15 14:17:23.353465"
"4690fa49bc34233ad226855a76a44a25","","2024-02-16 10:57:14.098218","2024-02-16 11:13:02.576952"
"844cde76d74495be5176f653904dd91d","","2024-02-20 09:30:30.837821","2024-02-20 09:33:05.978117"
"95462f3e4a9093653840ce10071c961f","","2024-02-20 10:23:12.534611","2024-02-20 10:24:40.768898"
"18d879bc19dadd5381dc1685e7b46df1","","2024-02-20 11:04:21.506653","2024-02-20 11:06:29.320349"
"4fe70c2b3c1d015b800c5ab49c9cf342","","2024-02-20 13:46:45.397315","2024-02-20 13:50:08.222633"
"1c1275a888671567e98f1ce1e639c299","","2024-02-20 13:57:48.726229","2024-02-20 13:59:59.099313"
"20b9a377561c9342d8a8797c02d88e76","","2024-02-20 15:44:53.835635","2024-02-20 15:47:30.75916"
"f6d1c632adce5c06b7a9359484880808","","2024-02-20 15:47:36.984011","2024-02-20 16:05:32.575359"
"c236b76ac1311b4dfd3f238b9e956bec","","2024-02-21 10:11:45.37381","2024-02-21 10:37:39.751728"
"912c60433114d994ff75824fc407c54f","","2024-02-21 11:32:19.957818","2024-02-21 11:34:01.884062"
"f3f855025b2cc40e81e62e83f2aed06c","","2024-02-21 11:34:50.52838","2024-02-21 12:03:14.649134"
"d63dfc62221bb6fb04bfe86b1958abe4","","2024-02-21 13:32:19.904742","2024-02-21 14:38:58.401328"
"9a8abcabfe6208a7c4d3f0fa7ccb2820","","2024-02-21 14:39:03.244111","2024-02-21 15:04:40.384198"
"6d922f5b380f79e5f51ae72096d3fd6a","","2024-02-22 09:33:23.331144","2024-02-22 09:57:26.531893"
"f87cab02dae9d69121a8dab447baf521","","2024-02-22 15:04:16.174826","2024-02-22 15:10:13.503788"
"98a193f3fa8ccc3dc53df224afca7531","","2024-02-23 11:24:56.71893","2024-02-23 11:27:29.626016"
"058147832c5ed8757007f6b6385b07ce","","2024-02-23 11:30:25.690553","2024-02-23 11:45:54.947652"
"df195f9639a1057697ca15bfe6776695","","2024-02-23 14:03:39.420525","2024-02-23 14:23:50.256341"
"5a9459381888269c40f5ecf369d11939","","2024-02-23 15:59:26.555537","2024-02-23 16:00:29.613309"
"39e11cdbe3fb8dcf29cf89900993b397","","2024-02-23 16:05:36.351949","2024-02-23 16:22:30.830002"
"42e407f93e8750cc211d17d117a7a70e","","2024-02-26 10:20:47.630241","2024-02-26 10:27:22.45389"
"5e2f765d2c6f01fdfeeb1549bf2cb1d3","","2024-02-26 10:53:30.754934","2024-02-26 10:54:03.074679"
"1a4a99cdcc7a63cc4f9c72ce749a8546","","2024-02-26 11:04:27.274263","2024-02-26 11:07:42.232036"
"44287fd2a83ad7fa20af584dbe27e3b0","","2024-02-26 11:47:55.86185","2024-02-26 11:50:34.176634"
"52a44cdc160e868d3a05a0efc1e5a413","","2024-02-26 11:50:54.096746","2024-02-26 11:51:43.62269"
"ac5d51b79762e652ddb1ee8718cf44c8","","2024-02-26 12:01:22.833688","2024-02-26 12:03:12.007204"
"ace2b7be96f70ad48671d9b086ed716a","","2024-02-26 12:05:19.206004","2024-02-26 12:07:42.960308"
"f16509d0ea202df71cee9ce0f1646745","","2024-02-26 12:13:41.759051","2024-02-26 12:15:36.571825"
"c705000fb788a926e64376bf53d88264","","2024-02-26 13:33:07.65517","2024-02-26 13:35:39.963715"
"d234e828a4936b0f0ea7cf117fe2262b","","2024-02-26 13:36:09.220145","2024-02-26 13:38:04.629595"
"ef369f7a529b60b1eab490b6611a008d","","2024-02-26 13:38:29.286625","2024-02-26 13:40:48.547577"
"844351647258d820ba590fc02b292f81","","2024-02-26 13:41:22.762928","2024-02-26 13:42:05.086419"
"a0bd508452adda72d0afc6764184cfa0","","2024-02-26 13:42:43.581615","2024-02-26 13:52:58.874939"
"7ae85d81c3fcc03c01e0979fa86f33fd","","2024-02-26 14:13:02.80681","2024-02-26 14:23:02.258283"
"7defcbc9e2954f234dd95ecfd21a1856","","2024-02-27 09:01:00.949045","2024-02-27 09:01:07.037435"
"f7b7a09b85ce09f6f2040989a1e35d20","","2024-02-27 10:38:06.558642","2024-02-27 10:41:06.455121"
"d1e5e8d5c9591d07ffd6c8cfaec0d579","","2024-02-27 10:41:19.760274","2024-02-27 10:42:42.25912"
"d479e4c83c745bb93d1906c4ba655967","","2024-02-27 10:42:59.384232","2024-02-27 10:45:10.802812"
"d570e7c5add2518ddbb4af6e7c257df9","","2024-02-27 10:50:50.851087","2024-02-27 10:52:22.982042"
"d49f3a75675123f3363bf267b432b760","","2024-02-27 10:52:46.573098","2024-02-27 10:52:59.070458"
"81dd3c954cfcfd5929d7b698ec2c89e6","","2024-02-27 15:35:49.312304","2024-02-27 15:36:36.131625"
"9961592e47c133882ec5da061b0855f4","","2024-02-27 15:41:02.662842","2024-02-27 15:41:05.765992"
"6a0b7632294b8b8ddca8bb4036728a90","","2024-02-27 15:49:55.217833","2024-02-27 15:53:17.940659"
"8026b54076fd54d48da7fae41875e2c9","","2024-02-28 09:42:50.425734","2024-02-28 09:47:13.900915"
"09eb4695acf8cf788b7967ff2009d35f","","2024-02-28 09:47:25.188931","2024-02-28 09:52:30.871659"
"533d99e69da97ddc4ad02a8950e3adba","","2024-02-28 09:52:38.470938","2024-02-28 10:00:02.042758"
"0e1bddb852c6b0c68526d38a2c601c2d","","2024-02-28 10:21:49.311207","2024-02-28 10:24:25.960965"
"46f75d6903bd49232493601aecaa8b37","","2024-02-28 15:44:26.805193","2024-02-28 15:46:19.437157"
"f480b1fd9bd6ff4649d6505d8aec5c7d","","2024-02-28 15:57:59.137993","2024-02-28 15:59:41.457678"
"2765fbec42feff6987dd6934a97146d4","","2024-02-28 16:03:32.494339","2024-02-28 16:04:12.627655"
"c7bbab636f45f54d066d5bc78a7d4e27","","2024-02-28 16:17:16.213494","2024-02-28 16:18:34.068927"
"601ca61bd95edd3d6c9d160682dd6838","","2024-02-28 16:18:43.778304","2024-02-29 08:12:21.618633"
"420d59666418bc9c60dc487ced0c38cf","","2024-02-29 09:01:25.286616","2024-02-29 09:06:57.146146"
"993be2da88ad84e37948eb6bda763b9c","","2024-02-29 09:15:17.572638","2024-02-29 09:19:38.371729"
"d8de4e0efbcf6bd6dd0c1432ebea1e4c","","2024-02-29 09:40:57.107238","2024-02-29 09:40:58.297106"
"743479e4dc29e49cbc6435134aa38a28","","2024-02-29 09:54:23.766908","2024-02-29 09:54:36.518859"
"3d27d0a136c6b7f396b30d4b2c5c9e06","","2024-02-29 09:55:23.354688","2024-02-29 09:55:37.200622"
"05ea7f3e07174097a96a29e8a3b540a2","","2024-02-29 10:02:01.218173","2024-02-29 10:02:02.751575"
"98db0adad727536edbf337881dba5cb6","","2024-02-29 10:05:51.38309","2024-02-29 10:05:58.636281"
"081d708178149576938d7f4eb9dae6ad","","2024-02-29 10:08:44.962522","2024-02-29 10:16:52.025701"
"899b5ca545ea250d210cc08e4484e9b0","","2024-02-29 11:20:19.758687","2024-02-29 12:08:17.347653"
"f056afedd9d8fee440434388ed7d6844","","2024-02-29 13:21:12.217822","2024-02-29 13:21:37.817736"
"670a3f59083b4f8c5f635dc0c7ca6ea1","","2024-02-29 13:25:02.661089","2024-02-29 13:34:27.281269"
"0012785b1abfdeb43397d5a6eec8413f","","2024-02-29 14:23:53.246503","2024-02-29 14:24:55.935609"
"3c2653954cae48721149347674c0394c","","2024-03-01 08:56:27.194464","2024-03-01 08:57:07.939047"
"c63d423e29978f56250753e5b1dff740","","2024-03-01 08:58:50.370525","2024-03-01 09:01:00.882028"
"bc2b49eb19f1e7afc59a2eb7c8d890fe","","2024-03-01 09:01:13.053487","2024-03-01 09:01:38.020063"
"e50503b27e03c24d7ed6d754baeca71a","","2024-03-01 09:04:57.539168","2024-03-01 09:05:17.511907"
"d14eb81e36eaeef5dd839b2774ccc1f9","","2024-03-01 10:22:03.916716","2024-03-01 10:22:48.886683"
"514ac7e6b4e74fc35f4b21b29a65f0c2","","2024-03-01 10:23:23.81752","2024-03-01 10:26:10.296621"
"881f72a113bfa38b4627bd3f9aa7e75c","","2024-03-01 10:26:14.478686","2024-03-01 10:30:21.554015"
"4b82958b8add263223db11b5a47c9532","","2024-03-01 10:31:31.320323","2024-03-01 10:32:44.218153"
"26b5ac4d0e49e0927a4abf81e18c7c12","","2024-03-01 10:32:49.445305","2024-03-01 10:33:35.207669"
"c838e27d8bf83fa5c2fb1a883b076a08","","2024-03-01 10:33:41.609507","2024-03-01 10:42:45.057182"
"1b200dfea1b9dc841af0ab48265065f5","","2024-03-01 10:55:07.275554","2024-03-01 10:58:14.18486"
"a4d04e085cde74f708c6ce6118f82630","","2024-03-01 10:59:12.181662","2024-03-01 11:12:11.912567"
"a064d48e907e5ffbc7235c29039933bd","","2024-03-01 11:12:17.309911","2024-03-01 11:14:25.756211"
"93f80312fcd13360cf110710708899e2","","2024-03-01 11:14:30.99893","2024-03-01 11:17:06.674853"
"80e7e5e1703ddbdb8fc537c8d775e598","","2024-03-01 11:17:11.231492","2024-03-01 11:19:28.751578"
"65852deafe027b3b8a73c8d287494e47","","2024-03-01 11:19:33.355402","2024-03-01 11:20:44.545159"
"3a9b7c29e917da03f2240103326139c1","","2024-03-01 11:21:37.577461","2024-03-01 11:31:21.516187"
"bbe871a65cb35a8c1d814988a425556f","","2024-03-01 11:31:26.630242","2024-03-01 11:44:38.242593"
"64f5d04d080cc348925d658d22aa6232","","2024-03-01 11:44:43.802382","2024-03-01 11:50:32.726978"
"c02845275b00356eb53886a13c6592e9","","2024-03-01 11:50:37.384625","2024-03-01 11:51:28.624144"
"c980c73c8a49918e4fef2775d33f1d6f","","2024-03-01 11:51:34.566683","2024-03-01 11:52:17.261395"
"7045ab74ad308aea797eebe3c695fefe","","2024-03-01 11:52:23.358223","2024-03-01 12:24:39.84702"
"a4ede754f9fda09c841d774576e31121","","2024-03-01 12:24:47.38832","2024-03-01 12:36:22.402025"
"9855614454dcb27bef49a49b14ea81ce","","2024-03-01 14:32:48.361062","2024-03-01 14:33:32.344703"
"b2122cc9ba91674b7e6b61ae5525e13c","","2024-03-01 14:33:41.014244","2024-03-01 14:36:53.228078"
"3164909e603f182f3d69dc952e030dd4","","2024-03-01 14:59:54.080064","2024-03-01 15:03:27.345799"
"40d0e0cf320fedf7bab01bea783d4e22","","2024-03-01 15:03:33.680149","2024-03-01 15:08:02.606406"
"a75b9aeab6c54f84e85b481215d25864","","2024-03-01 15:08:09.637491","2024-03-01 15:15:02.087355"
"099e9a83266986f09e5f311263ba1d7f","","2024-03-01 15:15:09.554969","2024-03-01 15:17:02.834966"
"1bb459edffa50417498daa0bf5c2a1fe","","2024-03-01 15:17:10.367295","2024-03-01 15:23:16.813966"
"cf240478514a550047e3b858aa9b0389","","2024-03-01 15:23:24.46771","2024-03-01 15:25:36.99159"
"942e3b334af65bd41d69812cf4b07f52","","2024-03-01 15:25:45.486309","2024-03-01 15:27:29.184432"
"d592a2c164e1f92cc2c286d2c0c158db","","2024-03-01 15:27:36.419592","2024-03-01 15:34:11.008022"
"b80149f0dc8b71be393b41ef056f97ee","","2024-03-01 15:34:20.275404","2024-03-01 15:43:29.71099"
"cdec24225b60bb775da4abe571085792","","2024-03-04 12:01:27.807882","2024-03-04 12:03:49.718978"
"6b950a1c060102590d2f3fea6639f01b","","2024-03-04 12:03:56.899299","2024-03-04 12:04:35.093131"
"68f024f0000dddbdabcedb310ee27b57","","2024-03-04 12:05:55.894417","2024-03-04 12:14:39.941582"
"326166c80411d3e4835bedb24535d0a4","","2024-03-04 12:14:45.152293","2024-03-04 12:15:26.00471"
"9739f4d3d473560ddc81c04501f4e73f","","2024-03-04 12:15:30.339208","2024-03-04 12:18:03.398099"
"b33bfdc3b683fe28ecb7728a29a3b574","","2024-03-04 12:22:28.848363","2024-03-04 12:24:30.199425"
"83e60456bdf8edf451183cbf4f19a432","","2024-03-04 12:28:33.988872","2024-03-04 12:33:08.056545"
"127541bb6766f1f8f98db2ad1dad6953","","2024-03-04 12:34:42.749777","2024-03-04 12:36:50.795605"
"839e500fe1b5da63ac5efb66eb1923c4","","2024-03-04 12:36:56.765457","2024-03-04 12:41:27.222453"
"eca240b6de0e6446f4f14edf3cace7f0","","2024-03-04 12:41:35.308541","2024-03-04 12:45:57.470735"
"6012e9ef7229922374bf74af1995c2fd","","2024-03-04 12:46:17.810112","2024-03-04 12:47:40.370108"
"92033be5f91c960f19776cb8cfbb24ad","","2024-03-04 13:02:33.628107","2024-03-04 13:17:53.134476"
"d4b78751951754e523b46b423a22e1fb","","2024-03-04 13:28:14.270565","2024-03-04 13:39:04.584054"
"067638a0cff9b0cb01c7dfae14dedd75","","2024-03-04 13:48:55.601744","2024-03-04 13:49:23.03487"
"0bf2eddfe873ec63f84d05037b2eaf22","","2024-03-04 13:55:56.716464","2024-03-04 13:57:38.432333"
"8de77c0c69b6a7a656b230a6399bab59","","2024-03-04 13:58:42.245936","2024-03-04 13:59:43.2354"
"215718109de492292e2e1e3dd6e201b0","","2024-03-04 14:03:34.488126","2024-03-04 14:04:13.949428"
"9555c840614e50298f08a948f5b522c3","","2024-03-04 14:05:32.209556","2024-03-04 14:05:56.86951"
"ce88924984cd768ef3f2c6f14f27254d","","2024-03-04 14:09:37.424351","2024-03-04 14:10:40.640057"
"6da2d032cec3c1fb360f71b86b7f0ff4","","2024-03-04 14:14:17.372009","2024-03-04 14:14:18.451726"
"a6f062ae455112e295ba4f203077fa88","","2024-03-04 14:14:24.538818","2024-03-04 14:14:46.638262"
"4d39f5277255f15854d51d1eed2355aa","","2024-03-04 14:20:48.944188","2024-03-04 14:20:59.789679"
"862295a0b65d8c0552d8c4db9af94c27","","2024-03-04 14:23:33.653227","2024-03-04 14:23:48.052666"
"d4519d34415842c43c0e09ebd85ea53e","","2024-03-04 14:25:02.382293","2024-03-04 14:25:24.785355"
"0017b164f317d990e8257a53be67210b","","2024-03-04 14:44:25.47145","2024-03-04 14:45:38.639316"
"3e48942e02ba1a5833f57ee0b71498aa","","2024-03-07 11:36:03.721661","2024-03-07 11:38:39.611861"
"8e25313cd63b3b5a8ed9579716216de4","","2024-03-07 13:13:20.429308","2024-03-07 13:14:45.633704"
"44881fb7a8a9cd54664568652ce1692e","","2024-03-07 13:19:05.664391","2024-03-07 13:20:12.836098"
"d5477ac3a886d1c16a54cbf19f66e326","","2024-03-07 13:21:16.650801","2024-03-07 13:22:27.822916"
"c9ca00285a2e326fc60647469050f253","","2024-03-07 13:23:28.026037","2024-03-07 13:24:46.011165"
"d0ea2598241bf3a0ae14e177c48265aa","","2024-03-07 13:26:25.649827","2024-03-07 13:27:35.735584"
"974c3ad54b2e75a83963991ccceb88f5","","2024-03-07 13:28:34.69467","2024-03-07 13:29:39.643138"
"76d73840610c326b81bde1aaf68785d8","","2024-03-07 13:29:56.26579","2024-03-07 13:32:03.787076"
"84a6bc80d8eb38303f82c173056485c9","","2024-03-07 13:32:29.091997","2024-03-07 13:33:31.267763"
"2c4110ba77f37c02ee20fdd07038b349","","2024-03-07 13:47:09.548171","2024-03-07 13:48:14.089534"
"b979aaf7a6f7273416250d032787fc4f","","2024-03-07 13:52:39.397614","2024-03-07 13:53:50.690174"
"165993e5e4b964766e874a50b96027b9","","2024-03-07 14:00:14.734247","2024-03-07 15:15:57.052864"
"90dfdb672827f900b099e994dc1787a7","","2024-03-14 09:02:30.596288","2024-03-14 09:07:47.872367"
"05e0684a08fb2d9e7a1416c6cce0539c","","2024-03-14 09:12:30.75836","2024-03-14 09:13:54.796231"
"30ade9db73f793e0330781da3c45e5a6","","2024-03-14 09:22:50.835095","2024-03-14 09:25:56.753671"
"1405d78722e6038edd2cad1b5a4e3463","","2024-03-14 09:26:02.783086","2024-03-14 09:31:31.761866"
"258292f93600d098f649a0d6778a8f35","","2024-03-14 10:06:44.974488","2024-03-14 10:09:30.58757"
"218b1a381d1fea42b45dcc3a8cdd43dd","","2024-03-14 10:29:36.525717","2024-03-14 10:32:12.092774"
"49e152f212930ed00d01b5b34eeed44d","","2024-03-14 10:41:27.922987","2024-03-14 10:55:38.004882"
"0a275c61aa44a27b4a4889763354d5f6","","2024-03-14 10:55:56.663467","2024-03-14 10:58:17.859716"
"d3473daf30a04bc85119997ad1118adc","","2024-03-14 10:58:23.891353","2024-03-14 11:03:41.030508"
"bc49e59a107d6febcd4e78db770251f3","","2024-03-14 11:03:48.985652","2024-03-14 11:07:43.286065"
"ffce2e02f643ea401aedd91c20a7d393","","2024-03-14 11:07:50.627635","2024-03-14 11:10:33.336636"
"add4cfac55e258dd556b4cafd4bb8467","","2024-03-14 11:11:13.091918","2024-03-14 11:45:34.558911"
"53c6b255555a011951978078adca29ac","","2024-03-14 12:49:54.898587","2024-03-14 12:55:12.488999"
"3f54a222fd0ea4c7512d330c6a18e517","","2024-03-14 12:55:20.46331","2024-03-14 12:59:00.576865"
"fb21e4bb4bdd9ec2023048596b006a1e","","2024-03-14 13:00:17.481387","2024-03-14 13:56:32.777732"
"0c2be782e808a9f0174a665ba7401207","","2024-03-14 15:12:05.381132","2024-03-14 15:14:00.628299"
"174e4c4479fa8e81968a8e6b5307e5fd","","2024-03-14 15:15:28.660777","2024-03-14 15:24:47.869048"
"05ae9f257f3cdb813dc9e13444b5f3f4","","2024-03-15 10:13:05.5959","2024-03-15 10:15:16.248853"
"362acf46d86c3981bc32e2629ab0e800","","2024-03-15 10:36:40.232247","2024-03-15 10:54:32.961421"
"3f529422a581c0a07231b7e3a169f6e9","","2024-03-18 09:10:47.482825","2024-03-18 10:06:49.44229"
"32950cd38152ae145d18ae09a0e83b29","","2024-03-18 10:17:29.59524","2024-03-18 10:24:48.549223"
"1b8e9cbc7af8fc29dd93b2b96afdc81b","","2024-03-18 12:47:02.53137","2024-03-18 13:07:10.532032"
"029717bb4fd69b52cbff04f20d593fc5","","2024-03-18 14:09:04.814675","2024-03-18 14:09:23.511669"
"8c2ed907b98b68fdf203e5431c8bc093","","2024-03-18 15:23:57.974209","2024-03-18 15:26:57.686661"
"c03602763a8a8dcbaf8f56f2d0460126","","2024-03-19 10:08:15.002989","2024-03-19 10:10:17.757147"
"67aeedb248163424db1ea0db5879f162","","2024-03-19 10:11:14.518697","2024-03-19 10:38:05.401312"
"5c033151b14aef4ab42727af006c827a","","2024-03-19 11:01:16.101228","2024-03-19 11:54:30.913412"
"1daea18e71d9d9402cd57e180035590d","","2024-03-19 13:54:06.494742","2024-03-19 13:54:25.126268"
"8bbe3ebede42ab113cb02be413583730","","2024-03-19 13:55:04.916805","2024-03-19 13:55:39.882459"
"33bc3092b80a7d850068eeb8e080bce3","","2024-03-19 13:56:45.06098","2024-03-19 13:57:11.458267"
"2f1f9e0dde366576dab7c4ea97c4b73c","","2024-03-19 14:00:45.714766","2024-03-19 14:02:14.351497"
"fa739ee46876f8ddd0b0188dc6abfe50","","2024-03-19 14:31:17.619131","2024-03-19 14:32:40.929663"
"d55ea3eceb747cf9b5cb0aad46dd19f7","","2024-03-19 14:33:00.2124",NA
"86efc7ba1cfea41ffbd77c252a922c55","","2024-03-19 14:34:51.976766","2024-03-19 14:36:20.81756"
"d55ea3eceb747cf9b5cb0aad46dd19f7","","2024-03-19 14:33:00.2124","2024-03-19 14:36:20.937891"
"86efc7ba1cfea41ffbd77c252a922c55","","2024-03-19 14:34:51.976766","2024-03-19 14:36:20.81756"
"5e01b8954182e0601d9c02e0e66287f1","","2024-03-19 14:36:33.154131","2024-03-19 14:36:35.087313"
"ccb98783c4d33f7c223d2c25e0f3ec75","","2024-03-19 14:36:47.397023","2024-03-19 14:40:06.358756"
"b8df55e84026553575828dec4dbc89c3","","2024-03-19 14:40:13.892129",NA
"3175a1fbbe2d02e8b2b27f36920d21cb","","2024-03-19 14:41:05.820977","2024-03-19 14:42:18.345271"
"b8df55e84026553575828dec4dbc89c3","","2024-03-19 14:40:13.892129","2024-03-19 14:42:18.378412"
"3175a1fbbe2d02e8b2b27f36920d21cb","","2024-03-19 14:41:05.820977","2024-03-19 14:42:18.345271"
"7c7fd268c03f18cdece82260b65d8240","","2024-03-19 14:42:27.277573","2024-03-19 14:45:20.988995"
"598f2b24973d4c666e4fc6b3e7352886","","2024-03-19 14:45:29.841979","2024-03-19 14:47:23.093397"
"d3c504f1b708446e6ad27c997ec72e08","","2024-03-19 14:47:30.571143","2024-03-19 14:48:02.167062"
"ad5166d8eebe83f9d0bf077dd762d889","","2024-03-19 15:06:26.972957","2024-03-19 15:07:38.158839"
"e3e0cc08233380f51db1c0dc6b561162","","2024-03-19 15:22:33.356039","2024-03-19 15:22:54.846732"
"c7e835640faf3c87dfd05d33294cb0fb","","2024-03-19 15:24:56.348563","2024-03-19 15:48:02.157372"
"5e9332fca8914f64000c549ab17421e7","","2024-03-19 15:49:44.568159","2024-03-19 16:43:41.191618"
"507af2d8b00d61329bbd642bce426375","","2024-03-20 09:41:08.980529","2024-03-20 09:54:42.567524"
"1c8fbd5b585c4875bffba9b83669dd4e","","2024-03-20 10:16:24.15544","2024-03-20 11:28:43.777897"
"0e9e9145ee8814dea65c0652a0fd92fe","","2024-03-20 11:13:56.34015",NA
"963020677322a3de13988e04882c0d36","","2024-03-21 10:47:13.147602","2024-03-21 10:47:31.040895"
"8b4a7a5ad963f92ee7381af30736c89c","","2024-03-21 10:50:36.146487","2024-03-21 10:55:08.445339"
"65bf1cca1c2a6bf1ae3e1b6cdf846ee2","","2024-03-21 13:10:09.309401","2024-03-21 13:12:34.708826"
"e92f6bb49f4caa1b1f0cac24968b95b6","","2024-03-21 14:03:22.669011","2024-03-21 14:04:01.581515"
"53a9a7f891e7d565a15db48b37d0f376","","2024-03-21 14:05:00.273982","2024-03-21 14:07:33.800963"
"540355c5bab75d2016acd619e6dfc7f1","","2024-03-21 14:13:14.459453","2024-03-21 14:13:41.488828"
"e3bf767cfeffffc12d570b79b39dde84","","2024-03-21 14:25:29.059802","2024-03-21 14:26:32.631683"
"640d5a600ec2e6f86c40f70f5b113e2d","","2024-03-21 14:28:30.331477","2024-03-21 14:28:58.014913"
"80f267604f3c346046f22963ccd73f4a","","2024-03-21 14:29:30.56004","2024-03-21 14:30:03.307943"
"20b29fdc193a9df70b9a389f5ef6bc70","","2024-03-21 15:13:13.142666","2024-03-21 15:54:59.210799"
"18e547c8eccd077e160fc0e8b2506ed4","","2024-03-22 10:18:31.072703","2024-03-22 10:29:47.32633"
"497ec8615cc1b6a8335374e4ca8485cc","","2024-03-22 10:41:59.782831","2024-03-22 10:44:07.195123"
"0a98f60aea4d22925daeea6a089ed4a4","","2024-03-22 14:55:10.64567","2024-03-22 16:00:38.577313"
"084ecbe76df9fdce99d1205ae7fafc5a","","2024-03-25 09:56:22.428467","2024-03-25 09:58:46.986609"
"624256172e27f57b5afddba2fea892bd","","2024-03-25 10:00:27.166068","2024-03-25 10:29:04.08209"
"7df312f263f4e357815d5d4a82a962e2","","2024-03-25 11:17:28.602938","2024-03-25 11:17:46.603409"
"d4dc6c555182e5ccbd035a4e4928d382","","2024-03-25 11:34:29.68597","2024-03-25 11:55:09.646461"
"15ee4a25503aff9dcd46e64908137dab","","2024-03-25 14:27:51.252287","2024-03-25 14:28:29.943774"
"7e384df7649198681aeda29409a86c06","","2024-03-26 09:02:36.648074","2024-03-26 09:34:47.615922"
"d370c8bf4d245f25ee56175080f5be45","","2024-03-26 14:10:26.634686","2024-03-26 14:11:41.165175"
"9b04899e83c7cf172134ef0dd999d5c9","","2024-03-26 14:39:49.726817","2024-03-26 14:42:01.362081"
"6be8c4ed6d7d7826b5bf3ad91a5f4b7c","","2024-03-28 09:36:39.69909","2024-03-28 09:36:58.896542"
"312545b7cee92f58b4f54ff71c4a7ee5","","2024-03-28 09:38:16.431664","2024-03-28 09:38:34.762075"
"ff685a1550987f8a27d6da606f5a1fe7","","2024-03-28 09:50:19.3058","2024-03-28 09:54:31.49452"
"66db0bb2229e419fdb3495fc85ea2b3b","","2024-03-28 11:27:09.806601","2024-03-28 11:28:26.076025"
"d170e450939020d6f6a7f1b7687c1869","","2024-03-28 11:33:28.679562","2024-03-28 11:35:14.675687"
"428579696f8f234aa9bdb0c5ae74e379","","2024-03-28 11:42:57.335601","2024-03-28 11:44:03.431804"
"aa6b5c3feab340a478f79cbcbbd7b949","","2024-03-28 11:48:08.808025","2024-03-28 12:19:21.842953"
"4bba027b5af9e5222017607159b8f923","","2024-03-28 12:54:21.523188","2024-03-28 13:00:49.771768"
"0040a211de5dad871b3d89b5146a5d3a","","2024-03-28 13:08:06.192734","2024-03-28 13:09:35.317833"
"5bdd4070ce5aa885de2aca30c5d50b9d","","2024-03-28 13:44:42.857417","2024-03-28 13:46:12.986911"
"4d91f3fc127c3950cd722f15bea3f853","","2024-03-28 15:04:22.627665","2024-03-28 15:06:11.598609"
"6911852dd505ad0b779ba16293e48031","","2024-03-28 15:19:50.875711","2024-03-28 15:27:14.762881"
"563678f5e10d0bb47f0469bfee24ab88","","2024-03-29 09:13:44.196007","2024-03-29 09:19:25.935894"
"a1e7f60e9884fb82c76319f8046c9901","","2024-03-29 09:19:33.118469","2024-03-29 09:21:29.282517"
"8c5a45f4540c187724127c849b034d71","","2024-03-29 10:08:30.135312","2024-03-29 10:16:32.414084"
"2854a3b7ac8f36a9f7836e2f618ac5ab","","2024-03-29 10:58:54.584968","2024-03-29 10:59:43.85937"
"dc83eab584ffa8445b35994220f7c6be","","2024-03-29 10:59:55.1842","2024-03-29 11:06:14.666456"
"60f78d77b66e27afe52a1d4b909195eb","","2024-03-29 11:08:53.808325","2024-03-29 11:17:41.032124"
"321aea913d0bddf992590034a544a1e8","","2024-03-29 14:49:59.766606","2024-03-29 14:50:33.127814"
"1f730827f6064620ac1a4be0afa4fc87","","2024-03-29 15:39:10.328474","2024-03-29 15:43:47.296278"
"5d667cd236a7c6865b84c690e9c25484","","2024-03-29 15:48:07.283378","2024-03-29 15:50:21.057069"
"d451d4458a12eac6ae0c01f15bfd59be","","2024-03-29 15:57:06.120426","2024-03-29 16:00:16.232613"
"19574a02c81c24cdeb432f0832c81b8a","","2024-03-29 16:23:15.065645","2024-03-29 17:23:34.820789"
"77e6e1fa7c8b13a64cc37a65ebd25d6d","","2024-04-01 10:45:21.642875","2024-04-01 10:45:32.887119"
"2f55066c797c6ea186cdfd70c188217c","","2024-04-01 12:56:00.438226","2024-04-01 12:57:48.116778"
"c826eb9713beb27bc0651ae9b643e14d","","2024-04-01 13:10:08.463271","2024-04-01 13:15:27.862836"
"cb068aa3f856fa34be558d8107558667","","2024-04-01 13:58:45.740055","2024-04-01 14:02:19.159703"
"a574fbe78dba4bf7febfd4355b737010","","2024-04-02 13:10:35.054707","2024-04-02 13:14:10.307816"
"d2012e92f698caede301541479afc502","","2024-04-02 13:21:12.778643","2024-04-02 13:22:31.076542"
"1b8538955ae4e1970447fa51d5d6f81b","","2024-04-02 13:22:51.100052","2024-04-02 13:27:58.270719"
"f57cc67d5f65aa70ce64452ea1ade009","","2024-04-02 14:13:44.073204","2024-04-02 15:26:18.628976"
"2a76d79d5bbb9c5d2b00ff39d03de8e8","","2024-04-03 11:52:04.957041","2024-04-03 11:57:48.905173"
"520bbae74d72ad306c5643627e2f766f","","2024-04-03 11:58:50.4849","2024-04-03 11:58:59.32265"
"8d5b327b6e307d9873a1ff6ef1fe5ee5","","2024-04-03 11:59:37.856938","2024-04-03 12:00:58.358283"
"4086f5231313048dee99e11bede5bf1c","","2024-04-03 12:01:58.759714","2024-04-03 12:02:05.621638"
"36d3a690b4375c33ba76f18095d31b7c","","2024-04-03 12:02:09.849264","2024-04-03 12:03:01.308182"
"ad0a1aab155d7cace0e78af004608d39","","2024-04-03 12:03:06.630363","2024-04-03 12:08:55.599246"
"365343c0b76a6ccca87b025d2409b733","","2024-04-03 12:09:00.890103","2024-04-03 12:12:10.304938"
"37e027a7fc928444750bdbcdbdf9f3e9","","2024-04-03 13:12:35.687397","2024-04-03 13:30:27.494367"
"570dae72297fa04221855dd1af38dfbc","","2024-04-03 13:30:32.432719","2024-04-03 13:33:25.179249"
"f0122186bd62a871791aec0800738021","","2024-04-03 13:33:31.452211","2024-04-03 13:47:45.287563"
"1e12f67452cf42d81c63be188384ccbd","","2024-04-03 13:47:50.126916","2024-04-03 13:48:56.844998"
"badb7d121ed788cfd05fcee3fbc21c61","","2024-04-03 13:49:05.651135","2024-04-03 13:50:05.551906"
"dabfae0b56399312370b4d17b094f245","","2024-04-03 13:50:09.923481","2024-04-03 13:51:54.96461"
"6b05b0deb1bef6ce08497100478bfede","","2024-04-03 13:51:59.597672","2024-04-03 13:54:39.475273"
"bd721be81913808e363a9b76f1145523","","2024-04-03 13:54:44.019239","2024-04-03 14:08:11.373682"
"09d7e577fe322e6819f64eca4f640d3f","","2024-04-03 14:08:15.982812","2024-04-03 14:10:18.804084"
"3b393c268f34184be710dedcd4871d9c","","2024-04-03 14:10:23.606708","2024-04-03 14:11:34.960786"
"f8659750ed1d366208c978b6bf5fb122","","2024-04-03 14:11:41.477921","2024-04-03 14:11:53.788944"
"575c2be4382370e12cf6b04d5966ea3c","","2024-04-03 14:11:58.071097","2024-04-03 14:18:31.423677"
"db8dc7399d4e2223fb34da707a8ffbdb","","2024-04-03 14:18:35.81986","2024-04-03 14:22:57.652656"
"6d350a1901212965f258474262829daa","","2024-04-03 14:26:27.973691","2024-04-03 14:28:05.010503"
"fe8c203fbf62e90e1f277bb9cc13c511","","2024-04-03 14:28:09.39962","2024-04-03 14:31:43.439474"
"ef83610fc9dfd34a8ea6cd17caf9b379","","2024-04-03 14:31:49.483781","2024-04-03 14:32:33.263787"
"af959344a5325cb493cc57d2e7a37759","","2024-04-03 14:32:37.815816","2024-04-03 14:33:21.661797"
"c6df6b8c13c6ad51961852d0a1cd67fa","","2024-04-03 14:33:26.106637","2024-04-03 14:36:42.394522"
"73e9a870043e3854c6f3b44e50862308","","2024-04-03 14:36:47.205893","2024-04-03 14:39:41.988418"
"03817a48962d7ad502858175e360e09e","","2024-04-03 14:39:46.331098","2024-04-03 14:40:24.425084"
"97ef09d127c84c2c1a7e7d355d10b21a","","2024-04-03 14:40:29.272066","2024-04-03 14:41:22.689997"
"f24d5e031ab0b4cece6f510d474bac0a","","2024-04-03 14:44:43.697007","2024-04-03 14:47:11.001372"
"a5bcd7de58583498d8e271fe0ae1f22a","","2024-04-03 14:47:15.823471","2024-04-03 15:09:10.793186"
"5b2fc85650e495d975afa1fbe9bc9ce9","","2024-04-04 09:25:40.104986","2024-04-04 09:33:14.138077"
"4ce66b42bdb1d4d579d6ef014ce801f6","","2024-04-04 09:33:23.72693","2024-04-04 09:35:16.220655"
"fe7e281d1503d5f48d277c900e49cd72","","2024-04-04 09:35:23.385472","2024-04-04 09:37:19.89792"
"1d3fc0c6123555756fe8168a686a74c4","","2024-04-04 09:37:28.419509","2024-04-04 09:38:34.434634"
"15e7df9231b7a3c254e5f5d12f918201","","2024-04-04 09:38:43.299009","2024-04-04 10:11:50.876523"
"ec33ea35e880301b523d82c2b202085d","","2024-04-04 10:12:32.008868","2024-04-04 10:15:10.121961"
"11525e330d50964700a6894669c6f6d6","","2024-04-04 10:15:18.417444","2024-04-04 10:18:49.549572"
"6654758f1cfe2fe9cdcfae6e8a0d8172","","2024-04-04 10:18:57.126971","2024-04-04 10:22:15.810419"
"85438e7472a0b604e5d670723354fe61","","2024-04-04 10:22:22.741896","2024-04-04 10:27:52.360194"
"d83c615b124de0216cb7a414d1d628a3","","2024-04-04 10:28:00.59784","2024-04-04 10:42:10.324738"
"bb5d4142cb675a8a92f3b40a08638522","","2024-04-04 10:42:19.208984","2024-04-04 10:42:53.90167"
"25f98131ada897f0a44e16f7e1cfb7db","","2024-04-04 10:43:46.247877","2024-04-04 10:52:35.740345"
"b8b99495370cf9a2cf34ab4193d508e1","","2024-04-04 10:52:43.23083","2024-04-04 10:56:50.237807"
"0a2a1897b442d29066152f41bdf3f758","","2024-04-04 10:57:22.299935","2024-04-04 11:12:23.89729"
"af827aa49c6e60370b77e989fc1a38b4","","2024-04-04 11:12:32.180988","2024-04-04 11:15:47.830694"
"91c557e5b7687545e40cc38e43e8fb14","","2024-04-04 11:15:56.192012","2024-04-04 11:29:47.991743"
"84186a54eac1885baa23934271c2a594","","2024-04-04 11:29:54.061715","2024-04-04 11:39:10.603046"
"77d37e3b9a00bb5379fd987509c49930","","2024-04-04 13:01:42.474008","2024-04-04 13:06:45.293528"
"b905b9d18fa7a88ce8751ddc23e459b6","","2024-04-04 13:07:01.61187","2024-04-04 13:09:10.704215"
"9fc6356e42628e23d072371923ed2a83","","2024-04-04 13:09:16.478475","2024-04-04 13:10:11.596243"
"dcbf9170388853fe50c524e5548b2469","","2024-04-04 13:10:18.391698","2024-04-04 13:12:57.94056"
"3d05cd9828de6227dd4bd435d22edee9","","2024-04-04 13:13:05.292031","2024-04-04 13:16:11.911932"
"604281334bd997e92c8e2d85b56108ab","","2024-04-04 13:16:20.337261","2024-04-04 13:19:11.274724"
"ee303bea756720e9b131a4b2db12b431","","2024-04-04 13:19:19.121715","2024-04-04 13:23:01.223885"
"dbec89d6548452ba5370ce2dc59383cd","","2024-04-04 13:23:06.852998","2024-04-04 13:26:46.415725"
"dccbcaa19c6c767b84b2250b01ca68f7","","2024-04-04 13:26:52.781104","2024-04-04 13:28:49.335608"
"15d54a589da1bf7e528e82e3dbc86bee","","2024-04-04 13:28:55.357841","2024-04-04 13:32:54.104408"
"7f74e9e8ad80dcffbc92eb0c14591e7c","","2024-04-04 13:33:01.170083","2024-04-04 13:40:55.856561"
"8e53d2d645e8da3c7cfc0823b6005f94","","2024-04-04 13:41:01.637853","2024-04-04 13:43:39.876602"
"d6b280091e613791a9408b31759472e3","","2024-04-04 13:43:45.834876","2024-04-04 13:46:32.007634"
"f662c5c1d381c27c0f635836b3364405","","2024-04-04 13:46:38.111818","2024-04-04 13:48:56.663348"
"9b6e7bb085c6b0d5095fda3f56b85ace","","2024-04-04 13:49:02.844848","2024-04-04 13:50:48.391407"
"7fc5345685d046955868a0321ca71cef","","2024-04-04 13:50:53.976491","2024-04-04 14:52:16.788723"
"369fded60cac5f21d7be32cfa1f28eb8","","2024-04-04 14:53:53.852559","2024-04-04 14:57:23.945841"
"460f879db584ec14e2de5441cbb134bc","","2024-04-04 14:57:31.089828","2024-04-04 15:02:48.851094"
"fafb05f88af17030a62bd375826a873b","","2024-04-04 15:02:55.417344","2024-04-04 15:09:12.306341"
"13ccd53e873b489fd9b7a984c06c8939","","2024-04-04 15:09:18.475322","2024-04-04 15:11:18.409728"
"7667a6520d6ab448b7a0b2e7300e6c74","","2024-04-04 15:11:41.194726","2024-04-04 15:15:31.141647"
"da1b7176c3b2e7f13a3c1166bd59b0f0","","2024-04-04 15:15:47.449219","2024-04-04 15:17:20.794179"
"406a9ccbdf0e72a18ce522a8dc625569","","2024-04-04 15:17:27.527739","2024-04-04 15:19:03.302302"
"5e2939d4b910d85e630af297f22ae949","","2024-04-04 15:19:08.980753","2024-04-04 15:20:45.314455"
"5169cd454ac0d3ce70c13a4f592ceaab","","2024-04-04 15:21:36.117121","2024-04-04 15:23:50.805496"
"6fdc9d43dedd52426e95e277700ac1cd","","2024-04-04 15:23:56.64213","2024-04-04 15:26:04.729131"
"4070563ca30f5b536940ab54c88443a0","","2024-04-04 15:26:10.523922","2024-04-04 15:28:43.027645"
"4947064cd9a5360040b7af90811d3c41","","2024-04-04 15:28:48.924032","2024-04-04 15:50:55.013936"
"6ade0431aa5a44d36077d13618c1e4ac","","2024-04-04 15:51:05.421991","2024-04-04 16:07:26.252598"
"91eab93ad188c4559508ac7b84484488","","2024-04-05 09:11:21.302942","2024-04-05 09:16:17.108832"
"e10f774d6c439413d209553ccd179624","","2024-04-05 14:33:02.901107","2024-04-05 14:40:06.144781"
"aaa4ee63af6731c4dc810fe112861b4c","","2024-04-05 16:14:52.667225","2024-04-05 16:19:14.76962"
"ebe0d1cf8524eb74ce29a564bd97c252","","2024-04-05 16:21:17.044093","2024-04-05 16:25:13.114245"
"89ea60222e48fa90d7847a62b16de670","","2024-04-05 16:28:17.489021","2024-04-05 16:34:03.492846"
"9ee0cf2cee4f2fadb368f04e334d85ae","","2024-04-08 09:23:02.509199","2024-04-08 09:29:56.614663"
"8e9b12eee8bbdf817c09d6de6d83818d","","2024-04-08 09:31:22.392415","2024-04-08 09:38:16.436928"
"d72da93d579567f5875166d88624c4fb","","2024-04-08 09:50:17.725338","2024-04-08 10:09:39.830539"
"32618663b91e5b9fdbf94e20aa11cdd3","","2024-04-08 10:57:29.878797","2024-04-08 11:33:21.165285"
"c8b75b4704c1ec43eec58b91b39cf6f0","","2024-04-08 13:30:25.040555","2024-04-08 13:34:00.669472"
"0bb6f6592ea27a5b5a4c563e470c8c28","","2024-04-08 14:08:37.452667","2024-04-08 14:10:12.418805"
"9fcd6273c177b298a68c435d6ce611ea","","2024-04-08 14:33:08.362025","2024-04-08 14:33:38.085975"
"1805563315bf5892cbea233d7c78ca5f","","2024-04-08 14:34:24.558256","2024-04-08 14:34:38.185563"
"7ae8242ca7b038720ac27df89a2dfca3","","2024-04-08 14:48:13.440301","2024-04-08 15:00:00.129381"
"328115877dedc0bdf9384f22d923fab4","","2024-04-08 15:40:48.344192","2024-04-08 16:03:15.559544"
"d35369883fdfd7ad553d55a5bee1596c","","2024-04-09 10:49:14.072681","2024-04-09 10:52:25.690491"
"67b97f3be59257c940bcda90be3c7676","","2024-04-09 11:08:16.771657","2024-04-09 11:12:53.418053"
"6fccb35343fcddccf26e2a82aac7c705","","2024-04-09 11:53:33.625878","2024-04-09 12:56:25.298344"
"5138209ab6da0149c5ed2d623d77c937","","2024-04-09 13:04:00.964799","2024-04-09 13:24:59.786466"
"fe017e52b2f48837c7cd43097dbe5aa7","","2024-04-09 14:51:04.573823","2024-04-09 14:59:48.268179"
"16d6e962832f4d437d225263763cabbf","","2024-04-09 15:47:59.198247","2024-04-09 15:50:27.56899"
"4235c1c44ab7745f984475eae97aa29c","","2024-04-09 15:48:00.506526",NA
"673df723e32ff03be3eb987f9d4ed79c","","2024-04-19 10:29:18.53674","2024-04-19 10:30:24.267082"
"ba7e2d6b5dd17f4b4c2bf75a2ee30036","","2024-04-19 10:32:44.68851","2024-04-19 10:33:00.863041"
"9c0a3d0e383159b91eeb1f437ee6f9c8","","2024-04-19 10:43:13.754817","2024-04-19 10:43:43.149875"
"fd6373df02e01407b5971d415332df57","","2024-04-19 10:57:31.040709","2024-04-19 11:04:00.427409"
"41cc5aea4900a90dcd740fb3d5ed7883","","2024-04-19 11:39:35.644159","2024-04-19 12:15:21.99832"
"cfb6500ae6d240ed3ba4d233c88db9c2","","2024-04-19 15:53:09.011252","2024-04-19 16:27:42.380336"
"6e470483bbf400f9e91d242c5baa0d50","","2024-04-22 13:32:02.326132","2024-04-22 13:41:20.327917"
"7738b1f3df5903b07cf2aef221325187","","2024-04-22 13:55:36.599008","2024-04-22 13:58:52.190899"
"40c4c7010463466e015756413a6d37d6","","2024-04-22 14:03:59.150574","2024-04-22 14:04:11.116251"
"547e059650e74316fbe8ac2540a85626","","2024-04-22 14:39:00.746481","2024-04-22 15:37:00.602696"
"f0bbc0dd894eb2bf4293710fa9b7bd43","","2024-04-24 09:16:26.105001","2024-04-24 09:42:30.680125"
"afecc0eb671267b1c650d57f057671c2","","2024-04-24 11:18:51.009845","2024-04-24 11:29:08.453156"
"e0c846037b7e421b55c59541c66c124d","","2024-04-24 13:53:54.956069","2024-04-24 14:30:35.297929"
"f1f446aa33e1eb5bf7626c0a7d6800db","","2024-04-29 10:32:52.378266","2024-04-29 10:42:45.687113"
"26f10899abb59e9503272261af60b074","","2024-04-29 11:55:28.860865","2024-04-29 12:00:03.332254"
"64f8dfc70f8b9cbde5de799a8b55465c","","2024-04-29 13:52:40.759045","2024-04-29 13:52:45.291789"
"d107be07a0e11ea4ceb1e017affb6aa3","","2024-05-02 10:31:26.101777","2024-05-02 11:24:25.094751"
"3dbf02a4e78791d04ceda0c718b3ba33","","2024-05-02 13:30:30.724453","2024-05-02 13:32:39.1235"
"71567afe07097018447bbd7c19be2281","","2024-05-02 14:05:06.316959","2024-05-02 14:08:02.446505"
"2f0e018ef69f511764f753d5db9650b3","","2024-05-02 14:09:50.786242","2024-05-02 15:25:25.264622"
"1630f834ba965235aa255b38e7b4dd95","","2024-05-03 09:11:05.785119","2024-05-03 09:21:17.836184"
"8ee5d9fc892e89a07e16fbe2a54780d6","","2024-05-03 13:57:22.891915","2024-05-03 16:03:42.984147"
"40bda381d901df10b53f44160c073044","","2024-05-06 09:36:06.441244","2024-05-06 10:03:13.294808"
"0f28e40e8c1388727b881e314be78ef8","","2024-05-06 14:16:02.543723","2024-05-06 14:16:42.532393"
"1fdd8030b03aabf24e831bc283084ac4","","2024-05-06 14:18:15.269858","2024-05-06 14:21:02.03523"
"8521be803010bdf41cd43a1176c2d5ab","","2024-05-06 14:30:56.709544","2024-05-06 14:31:20.14745"
"97508705c2a370b24a803114d5035016","","2024-05-06 15:20:23.498146","2024-05-06 15:21:01.021698"
"bb0b803ff72978681c8fa16327c5fd52","","2024-05-07 09:48:44.662945","2024-05-07 09:55:05.498775"
"94ea847a18ddf1808a03f037acfa1f0b","","2024-05-07 09:59:28.210551","2024-05-07 10:01:23.533163"
"d08aafcc3883f0cb45d41abbdb92ab07","","2024-05-07 10:01:30.781244","2024-05-07 10:13:44.950928"
"3672611ba72d1713c9bc6fb333164698","","2024-05-07 10:13:51.173506","2024-05-07 10:18:54.284673"
"cca1e69912322f0749ce2a54d56acf16","","2024-05-07 10:18:59.69548","2024-05-07 10:23:41.294483"
"94a4f2caa1eaf94ed12531f71ee755ab","","2024-05-07 10:24:09.992269","2024-05-07 10:26:39.171772"
"341c27ded55b1fc62e8fd26a4811492a","","2024-05-07 10:34:01.824472","2024-05-07 10:38:24.205916"
"03f8a5829dabec4db87ea4174a0de538","","2024-05-07 10:45:40.893281","2024-05-07 10:47:59.597384"
"33ffb98f69e2594208a5c938705fdc08","","2024-05-07 10:50:57.721963","2024-05-07 10:53:16.917979"
"2ccee8012caf7ccec632aeacc8728e64","","2024-05-07 10:54:01.308002","2024-05-07 10:58:25.810306"
"632cdb9bdab54f7b0dfd9ca0a5776afd","","2024-05-07 10:58:30.673892","2024-05-07 11:04:19.383607"
"a216a0f1d6c6f1bb76b3a914c1d8b71f","","2024-05-07 11:04:24.746995","2024-05-07 11:07:59.004347"
"694afd0a7ab9c313d53e448b0e4bd6e5","","2024-05-07 11:08:04.611777","2024-05-07 11:08:24.835362"
"eca70ca9a1d75966c578ec33f462d0cc","","2024-05-07 11:11:00.052456","2024-05-07 11:11:20.456871"
"df17ac13f79fb7483a674bb6d1491e93","","2024-05-07 11:32:24.167475","2024-05-07 11:35:35.680167"
"fbb928986b474b391d85a0c5e8840a55","","2024-05-07 11:35:42.913632","2024-05-07 11:53:18.404007"
"ce1c558f7c8ffb14cc814316f35629cd","","2024-05-07 11:53:26.532991","2024-05-07 11:54:40.347015"
"e53fbcd4cbf081b7be820816efd2af0c","","2024-05-07 11:54:49.741696","2024-05-07 12:07:06.350318"
"0a08b0781d2361fcf26cee885e98e35e","","2024-05-07 12:07:14.069345","2024-05-07 12:08:38.184154"
"88799900276f0bb7e7f1708ccff4e1f6","","2024-05-07 12:08:44.526418","2024-05-07 12:11:23.202443"
"ee831455da73449eac884af6a3fdb090","","2024-05-07 12:50:06.628982","2024-05-07 12:54:00.486068"
"62d0648d10aebe3fb4ef488900690969","","2024-05-07 12:54:23.471877","2024-05-07 12:56:03.242468"
"fe7e58f2d483870bc360456ba919d0f6","","2024-05-07 12:56:07.759907","2024-05-07 12:59:41.477625"
"20cc4cfc59f56b598a835bec976c2f54","","2024-05-07 12:59:45.974855","2024-05-07 13:03:27.825322"
"e17fafd3487a8c72a488a76c6633379d","","2024-05-07 13:03:32.135367","2024-05-07 13:04:13.077117"
"3167a2de940a0e14e6dfc9335c31e917","","2024-05-07 13:04:18.119325","2024-05-07 13:04:52.313423"
"e4da101579f7588a056c4992b36780af","","2024-05-07 13:04:56.941742","2024-05-07 13:39:57.318842"
"c8c03428ef70bec0b21090e2fbb277ca","","2024-05-07 13:41:09.945698","2024-05-07 13:43:24.789414"
"3c98f265a93badb4770859e878c6b099","","2024-05-07 13:43:29.97606","2024-05-07 13:53:50.631006"
"33e75b7af9c66bae0a4267263ac2ab67","","2024-05-07 13:53:13.977083","2024-05-07 13:53:50.741562"
"7de507f642eb4bc9656e4767ef9a10bc","","2024-05-07 13:54:41.866128","2024-05-07 13:55:34.435477"
"45917c16bb5b60a0712efc4a6b871d5b","","2024-05-07 13:55:41.123174","2024-05-07 14:00:11.136125"
"3112cce635217aeeab30531f0131dff0","","2024-05-07 14:00:16.405601","2024-05-07 14:02:35.930349"
"f36ebf7ba65f4e9590c127fc0157b16f","","2024-05-07 14:02:42.142812","2024-05-07 14:07:31.244225"
"eb74403450371293202276f949d2817f","","2024-05-07 14:07:36.607715","2024-05-07 14:08:41.204346"
"d8b72ae98c65932dd01b6ed4b1dfb9ae","","2024-05-07 14:08:45.555761","2024-05-07 14:09:17.072616"
"7651717618c6fa81ae305121d0a14292","","2024-05-07 14:09:21.827145","2024-05-07 14:10:44.676361"
"98feb546f7257eff9c76c2a612161059","","2024-05-07 14:10:49.16857","2024-05-07 14:11:54.554072"
"833f44f19a24e5ec8f11720b45adefba","","2024-05-07 14:11:59.796636","2024-05-07 14:14:06.458092"
"f51f36bc8d80643a6e5318d37998a06c","","2024-05-07 14:14:10.953904","2024-05-07 14:20:42.68333"
"2d0a033f874764e54e2ca96ead7c10b7","","2024-05-07 14:20:47.83272","2024-05-07 14:24:18.545968"
"c4ba4f9150d6c990a5e5d2066bc62ae4","","2024-05-07 14:24:23.296241","2024-05-07 14:25:44.626108"
"ec44a96cf764d38131210eb2309298f8","","2024-05-07 14:25:49.410436","2024-05-07 14:27:40.410468"
"c72e8d6cc77f79859439c76dd35eee78","","2024-05-07 14:27:45.318443","2024-05-07 14:29:40.538252"
"12a0e7c467117e637c06cbb1cc45357a","","2024-05-07 14:29:46.748737","2024-05-07 14:31:53.982144"
"6f8b751c61c28a16df59777d886c7956","","2024-05-07 14:32:38.95073","2024-05-07 14:33:28.931866"
"148292ad87d249c641effef71663679a","","2024-05-07 14:33:34.827925","2024-05-07 14:34:30.362317"
"9185abc6a05acffc369b0908aa76d6d7","","2024-05-07 14:36:14.253147","2024-05-07 14:40:01.231343"
"0ab653950dbee1c249a3f9b860ea4353","","2024-05-07 14:40:17.269984","2024-05-07 14:41:55.048838"
"cc17097134db15d59081a34f8f5746fb","","2024-05-07 14:42:00.501643","2024-05-07 14:44:49.14436"
"48d450b74838645c20fdfc137620cbb6","","2024-05-07 14:48:03.436075","2024-05-07 14:51:48.046335"
"02455cc55ac86f2103204169b20853af","","2024-05-07 14:52:44.365405","2024-05-07 14:56:43.204864"
"0e3e5b3e205d1059b8886ec22f7b252d","","2024-05-07 14:56:49.940042","2024-05-07 15:01:45.441416"
"539cb07d436e05c4ab3d4325758865cf","","2024-05-07 15:01:50.586597","2024-05-07 15:03:34.132356"
"cdd0d5aae6979a0008fe38f94d95cf4c","","2024-05-07 15:03:38.967405","2024-05-07 15:05:24.183598"
"554b41e5b5824390682d39cc08fb356e","","2024-05-09 09:41:20.569631","2024-05-09 09:44:59.956521"
"1c128726028b02272dae9435236a9a89","","2024-05-09 09:45:06.456852","2024-05-09 10:43:58.128398"
"dc18219027ec997db30a03e44b0182c6","","2024-05-09 10:44:05.842859","2024-05-09 10:50:32.543394"
"34fed12ef5d060fe1304188a853a1a5a","","2024-05-09 10:51:46.488375","2024-05-09 11:17:13.653447"
"e9c345a808ff3e22ead2ef21ff65a6bf","","2024-05-09 11:17:22.004936","2024-05-09 11:20:54.86907"
"2a6ee79ae64e6ce0ccfafb44026a3e5f","","2024-05-09 11:27:04.584714","2024-05-09 11:29:25.620567"
"d54d34d3bbee1b6820dc698089e93539","","2024-05-09 11:29:31.90649","2024-05-09 12:18:52.358399"
"ab96086623ef25c2bc1e008efa51f309","","2024-05-09 13:09:53.17108","2024-05-09 13:16:25.065142"
"5de64f4d239c8e60b496c70932cea35a","","2024-05-09 13:16:34.138507","2024-05-09 13:21:27.304919"
"e437a0f0971b3d875a720b0ee4be2d92","","2024-05-09 13:24:05.917472","2024-05-09 13:24:43.336984"
"75bcbaa6584186277eb8e26c39686f72","","2024-05-09 13:24:55.333059","2024-05-09 13:33:36.348477"
"d0ec12e4cc6f0a3253db9a6681cdff60","","2024-05-09 13:33:54.845227","2024-05-09 13:34:19.489454"
"1337f73f884af3bb095399e703e6c0a9","","2024-05-09 13:34:27.818136","2024-05-09 13:37:05.770974"
"00e48c007c84a3e75ad6ad07eec58f13","","2024-05-09 13:37:13.840728","2024-05-09 13:41:32.817524"
"c93fb8ccc5357c9fa959d69bbaa3052c","","2024-05-09 13:43:31.906805","2024-05-09 13:47:56.45819"
"9d2fc2411b288fd25e0d8539612a4521","","2024-05-09 13:52:26.138184","2024-05-09 13:56:40.603434"
"d8a720f8d6dfc21e49862b6d459b93ff","","2024-05-09 14:14:14.925399","2024-05-09 14:18:42.645483"
"7275d2a0e60aa87fbe730e8a5eeebed4","","2024-05-09 14:52:27.326911","2024-05-09 14:57:12.438628"
"d517f892c9e6067dd93b75a0097f2c7b","","2024-05-09 14:57:19.254606","2024-05-09 15:02:50.841143"
"475152049eb2e522dd63a6c25ec71635","","2024-05-09 15:12:50.357947","2024-05-09 15:27:35.247153"
"9bead70cd86ba9f3afd9fe4c037c3350","","2024-05-09 15:27:43.475114","2024-05-09 15:37:58.43651"
"8e4d85c496737abbbf7b8a6924d602e0","","2024-05-09 15:40:00.067725","2024-05-09 15:49:09.795499"
"dad758176bd7517e65bed7063a90766b","","2024-05-09 15:50:08.266805","2024-05-09 16:00:28.63376"
"109e5a9a414318f6189c2e2af64d2074","","2024-05-10 09:00:45.963618","2024-05-10 09:14:19.691356"
"7134e2fdc5a4bb3b2f3bd0b0693f8974","","2024-05-10 09:14:25.032928","2024-05-10 09:15:56.299941"
"77426145b56f752e8fdd331a9345f362","","2024-05-10 09:22:59.61784","2024-05-10 09:25:00.797107"
"099912657816130e8d6b3347695a498d","","2024-05-10 09:26:30.715288","2024-05-10 09:28:11.701215"
"f70e7a1c9402282cdbd72c886534def6","","2024-05-10 09:34:01.390404","2024-05-10 09:37:25.649993"
"3526471b1ace53a01de48fcbcd16a04d","","2024-05-10 09:37:31.445694","2024-05-10 09:50:29.870584"
"41db4fdcd3bf582234778cdf3902797e","","2024-05-10 09:50:35.26188","2024-05-10 10:06:18.558374"
"b522c914321b06d74869044882460ce1","","2024-05-10 10:20:00.244085","2024-05-10 10:22:29.200216"
"6eda4214fa3ab34c5582c269aae79728","","2024-05-10 10:22:36.497123","2024-05-10 10:32:51.915861"
"092da1811a0af13446612acb4437c93a","","2024-05-10 10:33:46.993587","2024-05-10 10:46:13.833129"
"3ba286515d1cf73df3032d3cf4a89ace","","2024-05-10 10:47:47.182289","2024-05-10 10:55:03.887735"
"a5da94803cc078049ffda1eecbbbb40a","","2024-05-10 11:06:48.195511","2024-05-10 11:15:05.261346"
"463900eb675927558f0afdd236a49d5a","","2024-05-10 11:15:12.835672","2024-05-10 11:21:23.420286"
"4fa10f1165896c49d9dca6f764ec98d5","","2024-05-10 11:25:39.047984","2024-05-10 11:32:28.163254"
"ab26a46a8bb5029556e4f6ac258b19c2","","2024-05-10 11:44:17.381031","2024-05-10 11:50:23.255697"
"b2b15c5027810e7e25f14d91a314551f","","2024-05-10 13:04:03.526109","2024-05-10 13:13:33.448239"
"957b64cd7c7d1dd8cc9ac6ba7511cce5","","2024-05-10 13:15:02.504645","2024-05-10 13:33:55.668082"
"60e62c4b729a261dcd1d4eb88111b2f5","","2024-05-10 13:34:03.104546","2024-05-10 14:04:10.958974"
"eba9f76b2867cd45c68908fd79222a5e","","2024-05-13 09:29:14.216683","2024-05-13 10:00:35.48841"
"92f52a79d4f697de836b36d211835e73","","2024-05-13 10:33:33.068681","2024-05-13 10:45:12.327993"
"25d160c12be6476b45d1c8d56a0bd131","","2024-05-13 10:45:18.956882","2024-05-13 10:52:58.851827"
"3c5c22cad6113922994f666569c4d332","","2024-05-13 10:53:05.760273","2024-05-13 11:57:15.656956"
"49d58cae8b66329c6e8b7be63e5b6f00","","2024-05-13 14:15:15.437939","2024-05-13 14:18:21.135959"
"e30a4f6e6d8ff475623977b2c9cb2e75","","2024-05-13 14:34:25.254171","2024-05-13 15:11:13.792979"
"850ab9eb8e1ccd2be9150831f94d9906","","2024-05-13 15:38:47.133628","2024-05-13 15:47:23.858899"
"38ae55676b08aff55bd3a5d6ee649ee6","","2024-05-14 08:57:53.510377","2024-05-14 09:04:27.152882"
"762ef1049e08c2369471376b80df8f09","","2024-05-14 09:21:21.314988","2024-05-14 09:27:20.764444"
"5beb310a923182e48405a90feac5d6ac","","2024-05-14 09:27:27.487801","2024-05-14 09:30:12.90389"
"86b42e1ce0d0c81b0f8f1832db319c76","","2024-05-14 09:30:19.87949","2024-05-14 09:37:05.221081"
"87e4d11165b22b49580d434f211c614e","","2024-05-14 09:38:22.277215","2024-05-14 09:39:59.518806"
"7fa8eaa2bdcf0b676dc1d2094f042219","","2024-05-14 09:40:04.568925","2024-05-14 09:43:04.431237"
"12535d6cccf6525a56296dc387c83172","","2024-05-14 09:43:09.456324","2024-05-14 09:51:51.258324"
"bd9c318aeefd66f1453a8dc8fffbf57d","","2024-05-14 09:51:55.978068","2024-05-14 09:52:58.857432"
"16d39198784ab426229089b87a64ce63","","2024-05-14 09:53:05.738526","2024-05-14 09:53:57.841037"
"69342ebc27f851fe3b90a796aa3c50e0","","2024-05-14 09:54:02.580257","2024-05-14 09:56:07.034613"
"c2309135df6476c9c3797597798869ce","","2024-05-14 09:56:20.571345","2024-05-14 09:57:13.62466"
"08c4b4b7f4b9901b09dbac0a8536aa1f","","2024-05-14 09:57:18.699695","2024-05-14 09:58:35.012364"
"2dcdf7b372537ab0c752449578e256d4","","2024-05-14 09:58:39.879849","2024-05-14 10:06:17.48993"
"e6ff268b664b9ff314ec03dea37bfa7e","","2024-05-14 10:42:54.855543","2024-05-14 10:42:57.693545"
"cdaa0b547e1c4c61317f621a1def8595","","2024-05-14 10:43:13.154434","2024-05-14 10:43:14.780524"
"be2af4a8ab25b2ae7f3bf466d76521bf","","2024-05-14 14:46:21.656115","2024-05-14 15:22:36.68126"
"7e2f199209010ff514a7a37f0d5e9695","","2024-05-16 09:29:49.883007","2024-05-16 09:32:01.625336"
"208083557d44bee3011aeccfe2231091","","2024-05-16 09:32:08.778382","2024-05-16 09:52:38.894182"
"567c963cc93463339f2b8ad00970a0e9","","2024-05-16 09:52:47.59908","2024-05-16 10:09:46.629866"
"89dd21d2a13e1df516b337e284d5de69","","2024-05-16 10:10:00.058092","2024-05-16 10:11:55.47099"
"675529feeee12a30b37d73ac630c1f52","","2024-05-16 10:12:01.86484","2024-05-16 10:31:54.186525"
"2c10c8c5476dff5b64c29e2a6947d633","","2024-05-16 10:32:42.080063","2024-05-16 10:38:15.169407"
"0e0b1c3e9d52c3e6f7cfcc3b59f4b17d","","2024-05-16 10:53:09.979576","2024-05-16 11:32:58.762721"
"cadad18c69bba527c4f03cb77a02d227","","2024-05-16 13:03:52.787265","2024-05-16 13:05:21.199875"
"1208b582e01cae6d6e1a705dfeb3086c","","2024-05-16 13:31:23.732148","2024-05-16 16:30:45.925908"
"cdfca19cec199bd6de0f04b0c64bf79a","","2024-05-17 14:35:37.53353","2024-05-17 14:40:18.527136"
"9544ca36fa1789fbce127b4f1ef02950","","2024-05-20 12:02:52.397328","2024-05-20 12:03:19.921371"
"4bd1285cb8159776c703d64fe6e952c6","","2024-05-20 12:04:25.092904","2024-05-20 12:04:46.990335"
"d211784d72892c762767477a7dc7d573","","2024-05-21 13:12:00.914933","2024-05-21 13:15:04.834816"
"62808df6e690e647d9508b571862f013","","2024-05-23 13:23:33.038655","2024-05-23 13:23:36.927674"
"5c12ceeac23978fcbc3ceb52af8607c9","","2024-05-24 13:04:56.155192","2024-05-24 13:15:33.40692"
"c07932005e21f5812a9f452280d85e0e","","2024-05-24 13:33:33.794914","2024-05-24 19:31:29.583214"
"e9a74ebc833705c4eeb1dca99cb22b92","","2024-05-28 10:19:09.231896","2024-05-28 10:38:25.47059"
"45373056402e589c5ceced88d5dbbe05","","2024-05-28 13:44:36.714973","2024-05-28 15:34:27.658399"
"5911a49a1cca20fec37346a4094c2470","","2024-05-29 10:25:05.854219","2024-05-29 11:09:12.189972"
"5a3073f996694b9907cb4cf57dfc15b9","","2024-05-30 15:18:08.435226","2024-05-30 15:20:41.273106"
"60904a0cc4927bc37bed73fb2bd9fa62","","2024-05-30 15:31:31.005079","2024-05-30 15:32:13.094011"
"7c903cb2109f7f291dd0e07cb47d0060","","2024-05-30 15:32:32.683332","2024-05-30 15:33:02.161991"
"78211b20ba3d6774bc29446bc2157717","","2024-05-31 11:20:24.272556","2024-05-31 11:22:32.401413"
"194e08dd8518a5c2656aa10da72bf6cf","","2024-06-03 15:30:27.581033","2024-06-03 15:31:07.370557"
"f9e9fe68a83bddd211f274b26c993b03","","2024-06-06 14:14:35.96729","2024-06-06 14:57:02.483261"
"762fa409a8fbd92b58ad2ad90aa5ed31","","2024-06-06 14:58:06.571689","2024-06-06 15:35:36.686608"
"1b2e31b474d2d6eb193eab2f716e6125","","2024-06-11 13:41:39.177639","2024-06-11 13:43:50.358824"
"c586c9ac6f02c919b04911c712967005","","2024-06-11 13:43:55.354725","2024-06-11 13:44:47.465012"
"351760b5512cd5c21a8f58cfd2ed5879","","2024-06-11 13:58:43.458849","2024-06-11 14:01:38.892959"
"a8586f857cf1e3e2ec0c510dc5c877e6","","2024-06-11 15:08:47.913656","2024-06-11 15:18:40.695526"
"b0d34d135d3e6f3d1f2c6a8706905eed","","2024-06-11 15:28:55.322701","2024-06-11 15:34:53.095868"
"32e26abde524fb1d3f6800fab2dea129","","2024-06-11 15:44:59.895077","2024-06-11 15:55:47.967139"
"1e2728118b607fd2e1651d5bc0352682","","2024-06-11 15:55:54.352328","2024-06-11 16:04:56.048822"
"a628a1c88a1796880fde0e0ea0f21c75","","2024-06-11 16:05:02.607025","2024-06-11 16:18:44.662703"
"33755bf376da8f3624857ada6a6ca17a","","2024-06-13 09:31:48.219989","2024-06-13 09:45:37.098661"
"88f209328f700f3306f45c0669a2183b","","2024-06-13 10:58:49.579314","2024-06-13 11:09:40.057139"
"e33f3bfd5016cd666e43d538a612e35e","","2024-06-13 11:44:02.293284","2024-06-13 11:57:24.03936"
"5c26fa8a0e04fb72f768b1d260a9f677","","2024-06-13 13:38:30.838195","2024-06-13 13:50:44.69561"
"ce0ec4f939ca2832c256b548e343b02f","","2024-06-13 14:25:15.17029","2024-06-13 15:05:04.808171"
"62164c54f3203817247908f014ed9769","","2024-06-18 09:33:39.747115","2024-06-18 09:33:52.319766"
"46eb14d0c158f9a6ce01426fade79de2","","2024-06-18 10:01:20.711168","2024-06-18 10:02:01.363217"
"b634eede4e62ea963af7724349adbf43","","2024-06-18 10:19:25.809306","2024-06-18 10:20:48.036879"
"2b129425d6fc7d07f66ed374be913502","","2024-06-18 11:07:47.948258","2024-06-18 11:22:50.992417"
"ab853b067bd230bea6d46d76f831c4e2","","2024-06-18 11:43:56.141799","2024-06-18 11:44:10.771876"
"17f09c02313708a5c3e6b25c5225309d","","2024-06-18 12:18:29.788234","2024-06-18 12:18:54.418469"
"a91622e7b1ff571bc76629e5640ac8d2","","2024-06-18 14:06:54.474305","2024-06-18 14:13:13.007122"
"bcab7e6d7e6f29ac0db1d8c5b9f679fc","","2024-06-18 14:43:12.66098","2024-06-18 14:48:36.565153"
"c2c34dac3fc50f0fadd5dd1885e50674","","2024-06-20 13:13:19.488776","2024-06-20 13:38:35.274394"
"62dbbcfb5bbef29957046aa4051e7e94","","2024-06-24 09:41:05.244405","2024-06-24 09:41:13.243041"
"460c17bb279688d402fab17b49072e89","","2024-06-24 14:56:03.31426","2024-06-24 14:58:17.77024"
"275eddecd56cf1f5b413a2359b398e32","","2024-06-25 15:48:03.609317","2024-06-25 15:48:27.216042"
"f4e713dc7196725dd387a40dd990916d","","2024-06-27 11:44:17.261321","2024-06-27 12:00:29.828401"
"196656a474badf23b1953df23e1429fe","","2024-06-27 14:18:03.951026","2024-06-27 15:46:56.288362"
"8275de1c060b409920b1ddde65578ddb","","2024-06-28 11:11:50.263039","2024-06-28 11:21:33.136117"
"fb14a6fa7dce949fae8eabd89137c52c","","2024-06-28 14:24:55.945261","2024-06-28 15:07:12.940809"
